,inference_time,inference_time_std
0,13.772096967697143,2.557306378144502
