,inference_time,inference_time_std
0,20.115993881225585,3.5439201808048515
