,inference_time,inference_time_std
0,10.734574699401856,2.0651616577123506
